<xml xmlns:o="urn:schemas-microsoft-com:office:office">
 <o:MainFile HRef="../spokky.htm"/>
 <o:File HRef="themedata.thmx"/>
 <o:File HRef="colorschememapping.xml"/>
 <o:File HRef="image011.png"/>
 <o:File HRef="image012.png"/>
 <o:File HRef="image001.jpg"/>
 <o:File HRef="image013.jpg"/>
 <o:File HRef="image003.jpg"/>
 <o:File HRef="image014.jpg"/>
 <o:File HRef="image005.jpg"/>
 <o:File HRef="image015.jpg"/>
 <o:File HRef="image008.gif"/>
 <o:File HRef="image007.gif"/>
 <o:File HRef="image009.jpg"/>
 <o:File HRef="image016.jpg"/>
 <o:File HRef="filelist.xml"/>
</xml>